Путь,Название,Описание,Артикул,Цена,Старая цена,Возможны вариации,Фото
ГлавнаяПАРФЮМЕРИЯЖенские ароматы Духи Classic Collection №13 Lady Perfume арт. Т7109026 ,Dilis Духи Classic Collection №13 Lady Perfume 30 мл,Объем/вес:30 млПол:ЖенскийБренд:DilisСтрана производства:БЕЛАРУСЬ, Артикул: Т7109026 ,1609 руб.,,,https://chudodey.com/global/images/icons/df40fde1-637f-11ec-ad33-005056930f9d.JPEG?8234
ГлавнаяПАРФЮМЕРИЯЖенские ароматы Духи Classic Collection №16 Lady Perfume арт. Т7109027 ,Dilis Духи Classic Collection №16 Lady Perfume 30 мл,Объем/вес:30 млАромат:ЦветочныйТип:ДухиПол:ЖенскийБренд:DilisСтрана производства:БЕЛАРУСЬ, Артикул: Т7109027 ,1609 руб.,,,https://chudodey.com/global/images/icons/df40fde3-637f-11ec-ad33-005056930f9d.JPEG?8289
ГлавнаяПАРФЮМЕРИЯЖенские ароматы Духи Classic Collection №17 Lady Perfume арт. Т7109028 ,Dilis Духи Classic Collection №17 Lady Perfume 30 мл,Объем/вес:30 млАромат:ЦветочныйТип:ДухиПол:ЖенскийБренд:DilisСтрана производства:БЕЛАРУСЬ, Артикул: Т7109028 ,1609 руб.,,,https://chudodey.com/global/images/icons/df40fde6-637f-11ec-ad33-005056930f9d.JPEG?6200
ГлавнаяПАРФЮМЕРИЯЖенские ароматы Духи Classic Collection №19 Lady Perfume арт. Т7109029 ,Dilis Духи Classic Collection №19 Lady Perfume 30 мл,Объем/вес:30 млТип:ДухиПол:ЖенскийБренд:DilisСтрана производства:БЕЛАРУСЬ, Артикул: Т7109029 ,1609 руб.,,,https://chudodey.com/global/images/icons/df40fde8-637f-11ec-ad33-005056930f9d.JPEG?2830
ГлавнаяПАРФЮМЕРИЯЖенские ароматы Духи Classic Collection №21 Lady Perfume арт. Т7109030 ,Dilis Духи Classic Collection №21 Lady Perfume 30 мл,Объем/вес:30 млАромат:ЦветочныйТип:ДухиПол:ЖенскийБренд:DilisСтрана производства:БЕЛАРУСЬ, Артикул: Т7109030 ,1609 руб.,,,https://chudodey.com/global/images/icons/48a03ac6-63a5-11ec-ad33-005056930f9d.JPEG?3439
ГлавнаяПАРФЮМЕРИЯЖенские ароматы Духи Classic Collection №24 Lady Perfume арт. Т7109031 ,Dilis Духи Classic Collection №24 Lady Perfume 30 мл,Объем/вес:30 млАромат:ЦветочныйТип:ДухиПол:ЖенскийБренд:DilisСтрана производства:БЕЛАРУСЬ, Артикул: Т7109031 ,1609 руб.,,,https://chudodey.com/global/images/icons/48a03ac8-63a5-11ec-ad33-005056930f9d.JPEG?764
ГлавнаяПАРФЮМЕРИЯЖенские ароматы Духи Classic Collection №28 Lady Perfume арт. Т7109032 ,Dilis Духи Classic Collection №28 Lady Perfume 30 мл,Объем/вес:30 млАромат:ЦветочныйТип:ДухиПол:ЖенскийБренд:DilisСтрана производства:БЕЛАРУСЬ, Артикул: Т7109032 ,1609 руб.,,,https://chudodey.com/global/images/icons/48a03aca-63a5-11ec-ad33-005056930f9d.JPEG?1446
ГлавнаяПАРФЮМЕРИЯЖенские ароматы Духи Classic Collection №30 Lady Perfume арт. Т7109033 ,Dilis Духи Classic Collection №30 Lady Perfume 30 мл,Объем/вес:30 млАромат:ЦветочныйТип:ДухиПол:ЖенскийБренд:DilisСтрана производства:БЕЛАРУСЬ, Артикул: Т7109033 ,1609 руб.,,,https://chudodey.com/global/images/icons/48a03acc-63a5-11ec-ad33-005056930f9d.JPEG?3299
ГлавнаяПАРФЮМЕРИЯЖенские ароматы Духи Classic Collection №33 Lady Perfume арт. Т7109034 ,Dilis Духи Classic Collection №33 Lady Perfume 30 мл,Объем/вес:30 млАромат:ЦветочныйТип:ДухиПол:ЖенскийБренд:DilisСтрана производства:БЕЛАРУСЬ, Артикул: Т7109034 ,1609 руб.,,,https://chudodey.com/global/images/icons/48a03ace-63a5-11ec-ad33-005056930f9d.JPEG?1765
ГлавнаяПАРФЮМЕРИЯЖенские ароматы Духи Classic Collection №41 Lady Perfume арт. Т7109036 ,Dilis Духи Classic Collection №41 Lady Perfume 30 мл,Объем/вес:30 млАромат:ЦветочныйТип:ДухиПол:ЖенскийБренд:DilisСтрана производства:БЕЛАРУСЬ, Артикул: Т7109036 ,1609 руб.,,,https://chudodey.com/global/images/icons/48a03ad1-63a5-11ec-ad33-005056930f9d.JPEG?5172
ГлавнаяПАРФЮМЕРИЯЖенские ароматы Духи Classic Collection №42 Lady Perfume арт. Т7109037 ,Dilis Духи Classic Collection №42 Lady Perfume 30 мл,Объем/вес:30 млАромат:ЦветочныйТип:ДухиПол:ЖенскийБренд:DilisСтрана производства:БЕЛАРУСЬ, Артикул: Т7109037 ,1609 руб.,,,https://chudodey.com/global/images/icons/48a03ad2-63a5-11ec-ad33-005056930f9d.JPEG?719
ГлавнаяПАРФЮМЕРИЯЖенские ароматы Духи Flavio Neri Arpeggio Essence Lady Parfume арт. Т7095150 ,Flavio Neri Духи Flavio Neri Arpeggio Essence Lady Parfume 50 мл,Объем/вес:50 млТип:ДухиБренд:Flavio NeriСтрана производства:БЕЛАРУСЬ, Артикул: Т7095150 ,1737 руб.,,,https://chudodey.com/global/images/icons/ffeb2882-af65-11ea-821f-a4bf0118b88e.JPEG?9936
ГлавнаяПАРФЮМЕРИЯЖенские ароматы Духи Flavio Neri Rose Essence Lady Perfume арт. Т7095151 ,Flavio Neri Духи Flavio Neri Rose Essence Lady Perfume 50 мл,Объем/вес:50 млТип:ДухиБренд:Flavio NeriСтрана производства:БЕЛАРУСЬ, Артикул: Т7095151 ,1737 руб.,,,https://chudodey.com/global/images/icons/ffeb2883-af65-11ea-821f-a4bf0118b88e.JPEG?6712
ГлавнаяПАРФЮМЕРИЯЖенские ароматы Одеколон Blood Orange&Basil Unisex Edc арт. Т7111364 ,4711 Acqua Colonia Одеколон Blood Orange&Basil Unisex Edc 50 мл,Объем/вес:50 млАромат:ЦитрусовыйТип:ОдеколонПол:УнисексБренд:4711 Acqua ColoniaСтрана производства:ГЕРМАНИЯ, Артикул: Т7111364 ,1721 руб.,,,https://chudodey.com/global/images/icons/a3f8e2aa-647d-11ec-ad34-005056930f9d.JPEG?5823
ГлавнаяПАРФЮМЕРИЯЖенские ароматы Одеколон Lemon&Ginger Unisex Edc арт. Т7111365 ,4711 Acqua Colonia Одеколон Lemon&Ginger Unisex Edc 50 мл,Объем/вес:50 млАромат:ЦитрусовыйТип:ОдеколонПол:УнисексБренд:4711 Acqua ColoniaСтрана производства:ГЕРМАНИЯ, Артикул: Т7111365 ,1721 руб.,,,https://chudodey.com/global/images/icons/a3f8e2ac-647d-11ec-ad34-005056930f9d.JPEG?4166
ГлавнаяПАРФЮМЕРИЯЖенские ароматы Одеколон Matcha&Frangipani Unisex Edc арт. Т7111363 ,4711 Acqua Colonia Одеколон Matcha&Frangipani Unisex Edc 50 мл,Объем/вес:50 млАромат:ЦветочныйТип:ОдеколонПол:УнисексБренд:4711 Acqua ColoniaСтрана производства:ГЕРМАНИЯ, Артикул: Т7111363 ,1721 руб.,,,https://chudodey.com/global/images/icons/a3f8e2ad-647d-11ec-ad34-005056930f9d.JPEG?8572
ГлавнаяПАРФЮМЕРИЯЖенские ароматы Одеколон Pepper&Grapefruit Unisex Edc арт. Т7111362 ,4711 Acqua Colonia Одеколон Pepper&Grapefruit Unisex Edc 50 мл,Объем/вес:50 млАромат:ЦитрусовыйТип:ОдеколонПол:УнисексБренд:4711 Acqua ColoniaСтрана производства:ГЕРМАНИЯ, Артикул: Т7111362 ,1721 руб.,,,https://chudodey.com/global/images/icons/a3f8e2b0-647d-11ec-ad34-005056930f9d.JPEG?5540
ГлавнаяПАРФЮМЕРИЯЖенские ароматы Парфюмерная вода 5Th Avenue Lady Edp арт. Т6823070 ,Elizabeth Arden Парфюмерная вода 5Th Avenue Lady Edp 30 мл,Объем/вес:30 млАромат:ЦветочныйТип:Парфюмерная водаБренд:Elizabeth ArdenСтрана производства:США, Артикул: Т6823070 ,2323 руб.,,"['30 мл', '75 мл']",https://chudodey.com/global/images/icons/5c0ce376-2f56-11e9-9ef7-a4bf0118b88e.JPEG?9662
ГлавнаяПАРФЮМЕРИЯЖенские ароматы Парфюмерная вода A`frique Unisex Edp арт. Т7115600 ,Clive&Keira Парфюмерная вода A`frique Unisex Edp 30 мл,Объем/вес:30 млТип:Парфюмерная водаПол:УнисексБренд:Clive&KeiraСтрана производства:ТУРЦИЯ, Артикул: Т7115600 ,1620 руб.,,,https://chudodey.com/global/images/icons/38a3da78-fb4e-11ec-ad46-005056930f9d.JPEG?6428
ГлавнаяПАРФЮМЕРИЯЖенские ароматы Парфюмерная вода abacco Vanille Unisex Edp арт. Т7115606 ,Clive&Keira Парфюмерная вода abacco Vanille Unisex Edp 30 мл,Объем/вес:30 млТип:Парфюмерная водаПол:УнисексБренд:Clive&KeiraСтрана производства:ТУРЦИЯ, Артикул: Т7115606 ,1620 руб.,,,https://chudodey.com/global/images/icons/38a3da90-fb4e-11ec-ad46-005056930f9d.JPEG?3042
ГлавнаяПАРФЮМЕРИЯЖенские ароматы Парфюмерная вода Acqua Di Gioia Lady Edp арт. Т6884796 ,Giorgio Armani Парфюмерная вода Acqua Di Gioia Lady Edp 30 мл,Объем/вес:30 млТип:Парфюмерная водаБренд:Giorgio ArmaniСтрана производства:Италия, Артикул: Т6884796 ,6798 руб.,,"['30 мл', '50 мл']",https://chudodey.com/global/images/icons/e048dad3-5da5-11ea-821f-a4bf0118b88e.JPEG?9980
ГлавнаяПАРФЮМЕРИЯМужские ароматы Одеколон Blood Orange&Basil Unisex Edc арт. Т7111364 ,4711 Acqua Colonia Одеколон Blood Orange&Basil Unisex Edc 50 мл,Объем/вес:50 млАромат:ЦитрусовыйТип:ОдеколонПол:УнисексБренд:4711 Acqua ColoniaСтрана производства:ГЕРМАНИЯ, Артикул: Т7111364 ,1721 руб.,,,https://chudodey.com/global/images/icons/a3f8e2aa-647d-11ec-ad34-005056930f9d.JPEG?2078
ГлавнаяПАРФЮМЕРИЯМужские ароматы Одеколон Lemon&Ginger Unisex Edc арт. Т7111365 ,4711 Acqua Colonia Одеколон Lemon&Ginger Unisex Edc 50 мл,Объем/вес:50 млАромат:ЦитрусовыйТип:ОдеколонПол:УнисексБренд:4711 Acqua ColoniaСтрана производства:ГЕРМАНИЯ, Артикул: Т7111365 ,1721 руб.,,,https://chudodey.com/global/images/icons/a3f8e2ac-647d-11ec-ad34-005056930f9d.JPEG?5190
ГлавнаяПАРФЮМЕРИЯМужские ароматы Одеколон Matcha&Frangipani Unisex Edc арт. Т7111363 ,4711 Acqua Colonia Одеколон Matcha&Frangipani Unisex Edc 50 мл,Объем/вес:50 млАромат:ЦветочныйТип:ОдеколонПол:УнисексБренд:4711 Acqua ColoniaСтрана производства:ГЕРМАНИЯ, Артикул: Т7111363 ,1721 руб.,,,https://chudodey.com/global/images/icons/a3f8e2ad-647d-11ec-ad34-005056930f9d.JPEG?4208
ГлавнаяПАРФЮМЕРИЯМужские ароматы Одеколон Pepper&Grapefruit Unisex Edc арт. Т7111362 ,4711 Acqua Colonia Одеколон Pepper&Grapefruit Unisex Edc 50 мл,Объем/вес:50 млАромат:ЦитрусовыйТип:ОдеколонПол:УнисексБренд:4711 Acqua ColoniaСтрана производства:ГЕРМАНИЯ, Артикул: Т7111362 ,1721 руб.,,,https://chudodey.com/global/images/icons/a3f8e2b0-647d-11ec-ad34-005056930f9d.JPEG?2285
ГлавнаяПАРФЮМЕРИЯМужские ароматы Парфюмерная вода 1 Million Parfum Man Edp арт. Т7101145 ,Paco Rabanne Парфюмерная вода 1 Million Parfum Man Edp 100 мл,Объем/вес:100 млТип:Парфюмерная водаБренд:Paco RabanneСтрана производства:Испания, Артикул: Т7101145 ,11036 руб.,,"['50 мл', '100 мл']",https://chudodey.com/global/images/icons/7982001f-1ff7-11eb-ae59-ad0eebdc5f62.JPEG?6931
ГлавнаяПАРФЮМЕРИЯМужские ароматы Парфюмерная вода 1 Million Prive Man Edp арт. Т7029601 ,Paco Rabanne Парфюмерная вода 1 Million Prive Man Edp 100 мл,Объем/вес:100 млАромат:ФруктовыйАромат:ВосточныйТип:Парфюмерная водаБренд:Paco RabanneСтрана производства:Испания, Артикул: Т7029601 ,7349 руб.,,"['50 мл', '100 мл']",https://chudodey.com/global/images/icons/346eea3c-f478-11e9-925d-a4bf0118b88e.JPEG?8727
ГлавнаяПАРФЮМЕРИЯМужские ароматы Парфюмерная вода A`frique Unisex Edp арт. Т7115600 ,Clive&Keira Парфюмерная вода A`frique Unisex Edp 30 мл,Объем/вес:30 млТип:Парфюмерная водаПол:УнисексБренд:Clive&KeiraСтрана производства:ТУРЦИЯ, Артикул: Т7115600 ,1620 руб.,,,https://chudodey.com/global/images/icons/38a3da78-fb4e-11ec-ad46-005056930f9d.JPEG?115
ГлавнаяПАРФЮМЕРИЯМужские ароматы Парфюмерная вода abacco Vanille Unisex Edp арт. Т7115606 ,Clive&Keira Парфюмерная вода abacco Vanille Unisex Edp 30 мл,Объем/вес:30 млТип:Парфюмерная водаПол:УнисексБренд:Clive&KeiraСтрана производства:ТУРЦИЯ, Артикул: Т7115606 ,1620 руб.,,,https://chudodey.com/global/images/icons/38a3da90-fb4e-11ec-ad46-005056930f9d.JPEG?8176
ГлавнаяПАРФЮМЕРИЯМужские ароматы Парфюмерная вода Acqua Di Gio Profumo Man Edp арт. Т6997152 ,Giorgio Armani Парфюмерная вода Acqua Di Gio Profumo Man Edp 40 мл,Объем/вес:40 млТип:Парфюмерная водаБренд:Giorgio ArmaniСтрана производства:Италия, Артикул: Т6997152 ,6905 руб.,,"['40 мл', '75 мл']",https://chudodey.com/global/images/icons/e048dad1-5da5-11ea-821f-a4bf0118b88e.JPEG?9108
ГлавнаяПАРФЮМЕРИЯМужские ароматы Парфюмерная вода Acumen Ambre Man Edp арт. Т7109041 ,Dilis Парфюмерная вода Acumen Ambre Man Edp 100 мл,Объем/вес:100 млАромат:ДревесныйТип:Парфюмерная водаПол:МужскойБренд:DilisСтрана производства:БЕЛАРУСЬ, Артикул: Т7109041 ,1215 руб.,,,https://chudodey.com/global/images/icons/48a03ad5-63a5-11ec-ad33-005056930f9d.JPEG?2409
ГлавнаяПАРФЮМЕРИЯМужские ароматы Парфюмерная вода Acumen Indigo Man Edp арт. Т7109042 ,Dilis Парфюмерная вода Acumen Indigo Man Edp 100 мл,Объем/вес:100 млАромат:ДревесныйТип:Парфюмерная водаПол:МужскойБренд:DilisСтрана производства:БЕЛАРУСЬ, Артикул: Т7109042 ,1215 руб.,,,https://chudodey.com/global/images/icons/48a03ad6-63a5-11ec-ad33-005056930f9d.JPEG?5581
ГлавнаяПАРФЮМЕРИЯМужские ароматы Парфюмерная вода Acumen Noir Man Edp арт. Т7109043 ,Dilis Парфюмерная вода Acumen Noir Man Edp 100 мл,Объем/вес:100 млАромат:ВосточныйТип:Парфюмерная водаПол:МужскойБренд:DilisСтрана производства:БЕЛАРУСЬ, Артикул: Т7109043 ,1215 руб.,,,https://chudodey.com/global/images/icons/48a03ad8-63a5-11ec-ad33-005056930f9d.JPEG?6077
ГлавнаяПАРФЮМЕРИЯМужские ароматы Парфюмерная вода Acumen Saphir Man Edp арт. Т7109044 ,Dilis Парфюмерная вода Acumen Saphir Man Edp 100 мл,Объем/вес:100 млАромат:ДревесныйТип:Парфюмерная водаПол:МужскойБренд:DilisСтрана производства:БЕЛАРУСЬ, Артикул: Т7109044 ,1215 руб.,,,https://chudodey.com/global/images/icons/48a03ada-63a5-11ec-ad33-005056930f9d.JPEG?9161
ГлавнаяПАРФЮМЕРИЯМужские ароматы Парфюмерная вода Andrameta Unisex Edp арт. Т7115604 ,Clive&Keira Парфюмерная вода Andrameta Unisex Edp 30 мл,Объем/вес:30 млТип:Парфюмерная водаПол:УнисексБренд:Clive&KeiraСтрана производства:ТУРЦИЯ, Артикул: Т7115604 ,1620 руб.,,,https://chudodey.com/global/images/icons/38a3da7a-fb4e-11ec-ad46-005056930f9d.JPEG?6562
ГлавнаяПАРФЮМЕРИЯМужские ароматы Парфюмерная вода Azuro Del Roma Man Edp Flavio Neri арт. Т7084232 ,Flavio Neri Парфюмерная вода Azuro Del Roma Man Edp Flavio Neri 100 мл,Объем/вес:100 млТип:Парфюмерная водаБренд:Flavio NeriСтрана производства:БЕЛАРУСЬ, Артикул: Т7084232 ,1536 руб.,,,https://chudodey.com/global/images/icons/660a7fa4-63f0-11ea-821f-a4bf0118b88e.JPEG?9752
ГлавнаяПАРФЮМЕРИЯМужские ароматы Парфюмерная вода Baccara Vanilla Unisex Edp арт. Т7115608 ,Clive&Keira Парфюмерная вода Baccara Vanilla Unisex Edp 30 мл,Объем/вес:30 млАромат:ВосточныйТип:Парфюмерная водаПол:УнисексБренд:Clive&KeiraСтрана производства:ТУРЦИЯ, Артикул: Т7115608 ,1620 руб.,,,https://chudodey.com/global/images/icons/493c3dc7-e857-11ec-ad46-005056930f9d.JPEG?2467
ГлавнаяПАРФЮМЕРИЯМужские ароматы Парфюмерная вода Bad Boy Cobalt Man Edp арт. Т7118038 ,Carolina Herrera Парфюмерная вода Bad Boy Cobalt Man Edp 100 мл,Объем/вес:100 млАромат:ДревесныйТип:Парфюмерная водаПол:МужскойБренд:Carolina HerreraСтрана производства:США, Артикул: Т7118038 ,10676 руб.,,"['50 мл', '100 мл']",https://chudodey.com/global/images/icons/5fee34b3-00a9-11ed-ad47-005056930f9d.JPEG?4014
ГлавнаяПАРФЮМЕРИЯМужские ароматы Парфюмерная вода Bad Boy Le Parfum Man Edp арт. Т7106798 ,Carolina Herrera Парфюмерная вода Bad Boy Le Parfum Man Edp 100 мл,Объем/вес:100 млТип:Парфюмерная водаПол:МужскойБренд:Carolina HerreraСтрана производства:США, Артикул: Т7106798 ,11190 руб.,,"['50 мл', '100 мл']",https://chudodey.com/global/images/icons/16c2d44f-d869-11eb-ae5f-be7e7c666735.JPEG?7750
ГлавнаяПАРФЮМЕРИЯМужские ароматы Парфюмерная вода Black Afkans Unisex Edp арт. Т7115605 ,Clive&Keira Парфюмерная вода Black Afkans Unisex Edp 30 мл,Объем/вес:30 млТип:Парфюмерная водаПол:УнисексБренд:Clive&KeiraСтрана производства:ТУРЦИЯ, Артикул: Т7115605 ,1620 руб.,,,https://chudodey.com/global/images/icons/38a3da7c-fb4e-11ec-ad46-005056930f9d.JPEG?9192
ГлавнаяПАРФЮМЕРИЯМужские ароматы Парфюмерная вода Black Man Edp арт. Т7109025 ,Mexx Парфюмерная вода Black Man Edp 50 мл,Объем/вес:50 млАромат:ДревесныйТип:Парфюмерная водаПол:МужскойБренд:MexxСтрана производства:ГЕРМАНИЯ, Артикул: Т7109025 ,3682 руб.,,,https://chudodey.com/global/images/icons/9661a3f1-50b4-11ec-ad33-005056930f9d.JPEG?4328
ГлавнаяПАРФЮМЕРИЯМужские ароматы Парфюмерная вода Black Muscs Unisex Edp арт. Т7115602 ,Clive&Keira Парфюмерная вода Black Muscs Unisex Edp 30 мл,Объем/вес:30 млТип:Парфюмерная водаПол:УнисексБренд:Clive&KeiraСтрана производства:ТУРЦИЯ, Артикул: Т7115602 ,1620 руб.,,,https://chudodey.com/global/images/icons/38a3da7d-fb4e-11ec-ad46-005056930f9d.JPEG?3881
ГлавнаяПОДАРКИПарфюмерные наборы Подарочный набор Туалетная вода Ice Touch Woman Lady Edt 15мл + гелья для душа 50мл арт. Т7076016 ,Mexx Подарочный набор Туалетная вода Ice Touch Woman Lady Edt 15мл + гелья для душа 50мл шт,Объем/вес:штТип:Туалетная водаБренд:MexxСтрана производства:ГЕРМАНИЯТип:Набор, Артикул: Т7076016 ,1155 руб.,,,https://chudodey.com/global/images/icons/57becef8-6280-11ea-821f-a4bf0118b88e.JPEG?7222
ГлавнаяУХОД И ГИГИЕНАЛицоМаски и патчи 3D-маска для лица тканевая с детокс-эффектом Blue Hawaii арт. Т7116729 ,Funny Organix 3D-маска для лица тканевая с детокс-эффектом Blue Hawaii 23 гр,"Объем/вес:23 грТип:Маска для лицаПол:МужскойТип кожи:ТусклаяБренд:Funny OrganixСтрана производства:КОРЕЯ, РЕСПУБЛИКА", Артикул: Т7116729 ,89 руб.,,,https://chudodey.com/global/images/icons/7f2f0f1f-daf4-11ec-ad40-005056930f9d.JPEG?7929
ГлавнаяУХОД И ГИГИЕНАЛицоМаски и патчи 3D-маска для лица тканевая с лифтинг-эффектом Tequila Sunrise арт. Т7116388 ,Funny Organix 3D-маска для лица тканевая с лифтинг-эффектом Tequila Sunrise 23 гр,"Объем/вес:23 грТип:Маска для лицаПол:ЖенскийТип кожи:Для всех типов кожиБренд:Funny OrganixСтрана производства:КОРЕЯ, РЕСПУБЛИКА", Артикул: Т7116388 ,89 руб.,,,https://chudodey.com/global/images/icons/6d8cbae5-d182-11ec-ad3e-005056930f9d.JPEG?2418
ГлавнаяУХОД И ГИГИЕНАЛицоМаски и патчи 3D-маска для лица тканевая с эффектом себорегуляции Mojito арт. Т7116389 ,Funny Organix 3D-маска для лица тканевая с эффектом себорегуляции Mojito 23 гр,"Объем/вес:23 грТип:Маска для лицаПол:ЖенскийТип кожи:Для всех типов кожиБренд:Funny OrganixСтрана производства:КОРЕЯ, РЕСПУБЛИКА", Артикул: Т7116389 ,89 руб.,,,https://chudodey.com/global/images/icons/6d8cbae6-d182-11ec-ad3e-005056930f9d.JPEG?8312
ГлавнаяУХОД И ГИГИЕНАЛицоУход за кожей вокруг глаз BB-ролик для ухода вокруг глаз Секрет совершенства BB Skin Naturals светло бежевый арт. Т6957868 ,Garnier BB-ролик для ухода вокруг глаз Секрет совершенства BB Skin Naturals светло бежевый 7 мл,Объем/вес:7 млSPF:нетТип:Крем для глазСерия:BB Секрет СовершенстваТип кожи:НормальнаяБренд:GarnierСтрана производства:Франция, Артикул: Т6957868 ,562 руб.,750 руб.,,https://chudodey.com/global/images/icons/8cb00a46-f3f8-11e9-925d-a4bf0118b88e.JPEG?5105
ГлавнаяУХОД И ГИГИЕНАЛицоДля проблемной кожи Cыворотка для лица Bio Органическая для проблемной кожи арт. Т7099652 ,Planeta Organica Cыворотка для лица Bio Органическая для проблемной кожи 30 мл,Объем/вес:30 млТип:Сыворотка для лицаБренд:Planeta OrganicaСтрана производства:РОССИЯ, Артикул: Т7099652 ,483 руб.,,,https://chudodey.com/global/images/icons/b8aec7a6-db5d-11ea-a207-a4bf0118b88e.JPEG?9802
ГлавнаяУХОД И ГИГИЕНАЛицоПитание и восстановление Cыворотка для лица Bio Органическая Омолаживающая арт. Т7099653 ,Planeta Organica Cыворотка для лица Bio Органическая Омолаживающая 30 мл,Объем/вес:30 млТип:Сыворотка для лицаБренд:Planeta OrganicaСтрана производства:РОССИЯ, Артикул: Т7099653 ,483 руб.,,,https://chudodey.com/global/images/icons/b8aec7aa-db5d-11ea-a207-a4bf0118b88e.JPEG?7593
ГлавнаяУХОД И ГИГИЕНАЛицоПитание и восстановление Cыворотка для лица Bio Органическая Сияние кожи арт. Т7099654 ,Planeta Organica Cыворотка для лица Bio Органическая Сияние кожи 30 мл,Объем/вес:30 млТип:Сыворотка для лицаБренд:Planeta OrganicaСтрана производства:РОССИЯ, Артикул: Т7099654 ,483 руб.,,,https://chudodey.com/global/images/icons/b8aec7ac-db5d-11ea-a207-a4bf0118b88e.JPEG?9953
ГлавнаяУХОД И ГИГИЕНАЛицоУвлажнение и защита Cыворотка для лица с экстрактом жемчуга арт. Т7117588 ,Sendo Cыворотка для лица с экстрактом жемчуга 50 мл,Объем/вес:50 млТип:Сыворотка для лицаПол:ЖенскийТип кожи:Для всех типов кожиБренд:SendoСтрана производства:РОССИЯ, Артикул: Т7117588 ,238 руб.,,,https://chudodey.com/global/images/icons/5eb9a581-e7aa-11ec-ad46-005056930f9d.JPEG?6015
ГлавнаяУХОД И ГИГИЕНАЛицоУвлажнение и защита Oil-крем для лица ночной восстанавливающий для всех типов кожи Antiage Bio арт. Т7108987 ,Bisou Oil-крем для лица ночной восстанавливающий для всех типов кожи Antiage Bio 50 мл,Объем/вес:50 млТип:Крем для лицаПол:ЖенскийТип кожи:Для всех типов кожиБренд:BisouСтрана производства:РОССИЯ, Артикул: Т7108987 ,360 руб.,424 руб.,,https://chudodey.com/global/images/icons/b083c86e-27d5-11ec-ad32-005056930f9d.JPEG?8485
ГлавнаяУХОД И ГИГИЕНАЛицоДля губ Sos-бальзам для губ Киви арт. Т7093585 ,Café Mimi Sos-бальзам для губ Киви 15 мл,Объем/вес:15 млТип:Бальзам для губБренд:Café MimiСтрана производства:РОССИЯ, Артикул: Т7093585 ,190 руб.,,,https://chudodey.com/global/images/icons/a498c8ee-b66f-11ea-821f-a4bf0118b88e.JPEG?622
ГлавнаяУХОД И ГИГИЕНАЛицоДля губ Sos-бальзам для губ Кокос арт. Т7093586 ,Café Mimi Sos-бальзам для губ Кокос 15 мл,Объем/вес:15 млТип:Бальзам для губБренд:Café MimiСтрана производства:РОССИЯ, Артикул: Т7093586 ,190 руб.,,,https://chudodey.com/global/images/icons/a498c8f1-b66f-11ea-821f-a4bf0118b88e.JPEG?9867
ГлавнаяУХОД И ГИГИЕНАЛицоДля губ Sos-бальзам для губ Манго арт. Т7093587 ,Café Mimi Sos-бальзам для губ Манго 15 мл,Объем/вес:15 млТип:Бальзам для губБренд:Café MimiСтрана производства:РОССИЯ, Артикул: Т7093587 ,190 руб.,,,https://chudodey.com/global/images/icons/a498c8f2-b66f-11ea-821f-a4bf0118b88e.JPEG?5846
ГлавнаяУХОД И ГИГИЕНАЛицоДля губ Sos-бальзам для губ Слива арт. Т7093588 ,Café Mimi Sos-бальзам для губ Слива 15 мл,Объем/вес:15 млТип:Бальзам для губБренд:Café MimiСтрана производства:РОССИЯ, Артикул: Т7093588 ,190 руб.,,,https://chudodey.com/global/images/icons/a498c8f5-b66f-11ea-821f-a4bf0118b88e.JPEG?1980
ГлавнаяУХОД И ГИГИЕНАЛицоМаски и патчи Sos-маска для лица с успокаивающим комплексом Detox арт. Т7114087 ,Vilenta Sos-маска для лица с успокаивающим комплексом Detox 25 гр,Объем/вес:25 грТип:Маска для лицаПол:ЖенскийБренд:VilentaСтрана производства:Китай, Артикул: Т7114087 ,161 руб.,,,https://chudodey.com/global/images/icons/6008f866-99b4-11ec-ad3b-005056930f9d.JPEG?8618
ГлавнаяУХОД И ГИГИЕНАЛицоМаски и патчи Spa-маска для глаз теплая расслабляющая с ароматом лаванды арт. Т7114348 ,Mi-Ri-Ne Spa-маска для глаз теплая расслабляющая с ароматом лаванды 12 гр,"Объем/вес:12 грТип:Маска для глазПол:ЖенскийБренд:Mi-Ri-NeСтрана производства:КОРЕЯ, РЕСПУБЛИКА", Артикул: Т7114348 ,165 руб.,,,https://chudodey.com/global/images/icons/6008f84c-99b4-11ec-ad3b-005056930f9d.JPEG?5398
ГлавнаяУХОД И ГИГИЕНАЛицоМаски и патчи Spa-маска для глаз теплая расслабляющая с ароматом розы арт. Т7114349 ,Mi-Ri-Ne Spa-маска для глаз теплая расслабляющая с ароматом розы 12 гр,"Объем/вес:12 грТип:Маска для глазПол:ЖенскийБренд:Mi-Ri-NeСтрана производства:КОРЕЯ, РЕСПУБЛИКА", Артикул: Т7114349 ,165 руб.,,,https://chudodey.com/global/images/icons/6008f84b-99b4-11ec-ad3b-005056930f9d.JPEG?7085
ГлавнаяУХОД И ГИГИЕНАЛицоТонизирование Tоник для лица освежающий Organic Cactus Гладкость и красота арт. Т7115381 ,Ecolatier Tоник для лица освежающий Organic Cactus Гладкость и красота 250 мл,Объем/вес:250 млТип:ТоникПол:ЖенскийТип кожи:Для всех типов кожиБренд:EcolatierСтрана производства:РОССИЯ, Артикул: Т7115381 ,257 руб.,,,https://chudodey.com/global/images/icons/b7f75c53-b929-11ec-ad3d-005056930f9d.JPEG?7976
ГлавнаяУХОД И ГИГИЕНАЛицоПитание и восстановление Аква-гель для лица увлажняющий Detox Organics арт. Т7083796 ,Natura Siberica Аква-гель для лица увлажняющий Detox Organics 30 мл,Объем/вес:30 млТип:Гель для лицаБренд:Natura SibericaСтрана производства:РОССИЯ, Артикул: Т7083796 ,338 руб.,,,https://chudodey.com/global/images/icons/fb4af92d-2087-11ea-925d-a4bf0118b88e.JPEG?3442
ГлавнаяУХОД И ГИГИЕНАЛицоМаски и патчи Аква-маска для лица домашний Spa натуральная Увлажняющая Cute-Cumber арт. Т7099632 ,Organic Kitchen Аква-маска для лица домашний Spa натуральная Увлажняющая Cute-Cumber 100 мл,Объем/вес:100 млТип:Маска для лицаБренд:Organic KitchenСтрана производства:РОССИЯ, Артикул: Т7099632 ,167 руб.,,,https://chudodey.com/global/images/icons/b8aec7c1-db5d-11ea-a207-a4bf0118b88e.JPEG?4576
ГлавнаяУХОД И ГИГИЕНАЛицоПитание и восстановление Аква-флюид для лица Aqua Boost арт. Т7119105 ,Café Mimi Аква-флюид для лица Aqua Boost 50 мл,Объем/вес:50 млТип:Флюид для лицаПол:ЖенскийТип кожи:Для всех типов кожиБренд:Café MimiСтрана производства:РОССИЯ, Артикул: Т7119105 ,295 руб.,,,https://chudodey.com/global/images/icons/3bc4a738-1964-11ed-ad48-005056930f9d.JPEG?5823
ГлавнаяУХОД И ГИГИЕНАЛицоУвлажнение и защита Аквакрем для лица экспресс-увлажнение Blue Molecule арт. Т7115148 ,Estelare Аквакрем для лица экспресс-увлажнение Blue Molecule 50 мл,"Объем/вес:50 млТип:Крем для лицаПол:ЖенскийТип кожи:Для всех типов кожиБренд:EstelareСтрана производства:КОРЕЯ, РЕСПУБЛИКА", Артикул: Т7115148 ,1214 руб.,,,https://chudodey.com/global/images/icons/32a4b5ad-b535-11ec-ad3d-005056930f9d.JPEG?3238
ГлавнаяМАКИЯЖГлазаСредства для ухода за ресницами Cыворотка-праймер для ресниц Insta Pantenol Eyelash Serum арт. Т7113497 ,Lamel Professional Cыворотка-праймер для ресниц Insta Pantenol Eyelash Serum 6 мл,Объем/вес:6 млТип:Основа под макияжПол:ЖенскийБренд:Lamel ProfessionalСтрана производства:Китай, Артикул: Т7113497 ,904 руб.,,,https://chudodey.com/global/images/icons/87a3349f-83bf-11ec-ad3a-005056930f9d.JPEG?2824
ГлавнаяМАКИЯЖГлазаСредства для ухода за ресницами База для ресниц Suerte 181 арт. Т7112505 ,Ninelle Barcelona База для ресниц Suerte 181 10 мл,Объем/вес:10 млТип:Основа под тушьПол:ЖенскийБренд:Ninelle BarcelonaСтрана производства:Испания, Артикул: Т7112505 ,499 руб.,236 руб.,,https://chudodey.com/global/images/icons/3b97c7c4-893a-11ec-ad3b-005056930f9d.JPEG?6142
ГлавнаяМАКИЯЖГлазаБаза под тени База под тени для век арт. Т6918368 ,Artdeco База под тени для век 5 мл,Объем/вес:5 млТип:Основа под макияжБренд:ArtdecoСтрана производства:ГЕРМАНИЯ, Артикул: Т6918368 ,468 руб.,585 руб.,,https://chudodey.com/global/images/icons/45971320-e815-11e8-ba8a-a4bf0118b88e.JPEG?6217
ГлавнаяМАКИЯЖГлазаБаза под тени База под тени для век арт. Т7118802 ,Luxvisage База под тени для век 5 гр,Объем/вес:5 грТип:Основа под макияжПол:ЖенскийБренд:LuxvisageСтрана производства:БЕЛАРУСЬ, Артикул: Т7118802 ,205 руб.,287 руб.,,https://chudodey.com/global/images/icons/a4ef9b99-fe52-11ec-ad46-005056930f9d.JPEG?2370
ГлавнаяМАКИЯЖГлазаБаза под тени База под тени для век I Love Colour Intensifying Eyeshadow Base арт. Т7020848 ,Essence База под тени для век I Love Colour Intensifying Eyeshadow Base шт,Объем/вес:штТип:Основа под макияжСерия:essenceБренд:EssenceСтрана производства:Польша, Артикул: Т7020848 ,289 руб.,,,https://chudodey.com/global/images/icons/9ef7845e-f202-11e9-925d-a4bf0118b88e.JPEG?9308
ГлавнаяМАКИЯЖГлазаБаза под тени База под тени для век Insta Eyeshadows Base арт. Т7112064 ,Lamel Professional База под тени для век Insta Eyeshadows Base 10 мл,Объем/вес:10 млТип:Основа под макияжПол:ЖенскийБренд:Lamel ProfessionalСтрана производства:Китай, Артикул: Т7112064 ,575 руб.,,,https://chudodey.com/global/images/icons/a8b299ad-612a-11ec-ad33-005056930f9d.JPEG?2021
ГлавнаяМАКИЯЖГлазаБаза под тени База под тени для век Magique с фетровым апликатором молочно-белая арт. Т7100489 ,Vivienne Sabo База под тени для век Magique с фетровым апликатором молочно-белая 3 мл,Объем/вес:3 млТип:Основа под макияжБренд:Vivienne SaboСтрана производства:Франция, Артикул: Т7100489 ,509 руб.,633 руб.,,https://chudodey.com/global/images/icons/bc313a3d-02b7-11eb-ae54-993c0ebbefda.JPEG?7081
ГлавнаяМАКИЯЖГлазаБаза под тени База под тени для глаз Eye Primer арт. Т7097166 ,Eva Mosaic База под тени для глаз Eye Primer 4.5 мл,Объем/вес:4.5 млТип:Основа под макияжБренд:Eva MosaicСтрана производства:ГЕРМАНИЯ, Артикул: Т7097166 ,474 руб.,499 руб.,,https://chudodey.com/global/images/icons/313bc47f-90ee-11ea-821f-a4bf0118b88e.JPEG?7431
ГлавнаяМАКИЯЖГлазаБаза под тени База-праймер для век Eyeshadow Primer 101 прозрачный арт. Т7117752 ,LN professional База-праймер для век Eyeshadow Primer 101 прозрачный 10 мл,Объем/вес:10 млОттенок кожи:ЛюбойВид:ЖидкийТип:Основа под макияжПол:ЖенскийБренд:LN professionalСтрана производства:Великобритания, Артикул: Т7117752 ,379 руб.,474 руб.,,https://chudodey.com/global/images/icons/08302a4e-f1c3-11ec-ad46-005056930f9d.JPEG?7472
ГлавнаяМАКИЯЖГлаза Средства для ухода за ресницами ,Art-Visage Гель для бровей и ресниц Fix & сAre 4.3 мл,Объем/вес:4.3 млТип:Гель для бровейБренд:Art-VisageСтрана производства:РОССИЯ, Артикул: Т7079135 ,193 руб.,,"['темно-коричневый', 'коричневый', 'светло-коричневый', 'суперфиксация']",https://chudodey.com/global/images/icons/fd5694ed-acff-11e9-b8f0-a4bf0118b88e.JPEG?2154
ГлавнаяМАКИЯЖГлазаСредства для ухода за ресницами Гель для бровей и ресниц Organic активатор роста арт. Т7079097 ,Art-Visage Гель для бровей и ресниц Organic активатор роста 4 мл,Объем/вес:4 млТип:Гель для бровейБренд:Art-VisageСтрана производства:РОССИЯ, Артикул: Т7079097 ,257 руб.,,,https://chudodey.com/global/images/icons/36e4f1c5-ada3-11e9-b8f0-a4bf0118b88e.JPEG?3304
ГлавнаяМАКИЯЖГлазаПодводки для глаз Гель для бровей прозрачный + лайнер для глаз черный 2в1 арт. Т7117035 ,"Vilenta Гель для бровей прозрачный + лайнер для глаз черный 2в1 2 мл+0,3 мл","Объем/вес:2 мл+0,3 млОттенок:БесцветныйТип:Гель для бровейПол:ЖенскийБренд:VilentaСтрана производства:РОССИЯТип:Подводка для глаз", Артикул: Т7117035 ,994 руб.,,,https://chudodey.com/global/images/icons/db8b9fb8-eb73-11ec-ad46-005056930f9d.JPEG?8298
ГлавнаяМАКИЯЖГлазаТени для век Гель для губ и век прозрачный кристаллический Liquid Glass жидкое стекло арт. Т7097168 ,Eva Mosaic Гель для губ и век прозрачный кристаллический Liquid Glass жидкое стекло 7 мл,Объем/вес:7 млТип:Блеск для губБренд:Eva MosaicСтрана производства:ГЕРМАНИЯТип:Гель для глаз, Артикул: Т7097168 ,366 руб.,,,https://chudodey.com/global/images/icons/313bc481-90ee-11ea-821f-a4bf0118b88e.JPEG?6316
ГлавнаяМАКИЯЖГлаза Тени для век ,Estrade Гель для губ и век сияющий Disco 87 шанэль 6 мл,Объем/вес:6 млМне нужно:Все что блеститТип:Блеск для губБренд:EstradeСтрана производства:РОССИЯТип:Тени, Артикул: Т7097409 ,350 руб.,,"['81 Пэрис', '82 Сенсейшн', '85 Бич пати', '86 Бейонсе', '87 шанэль', '90 малефисента', '88', '91', '92 рианна', '94']",https://chudodey.com/global/images/icons/1c786dc9-b9a6-11ea-821f-a4bf0118b88e.JPEG?3248
ГлавнаяМАКИЯЖГлазаДля снятия макияжа Гель для снятия макияжа арт. Т6905191 ,Pharmaact Гель для снятия макияжа 200 гр,Объем/вес:200 грSPF:нетТип:Гель для лицаСерия:PharmaactБренд:PharmaactСтрана производства:ЯПОНИЯ, Артикул: Т6905191 ,426 руб.,252 руб.,,https://chudodey.com/global/images/icons/18a8b64d-0143-11e7-9893-ac4af35bfd5c.JPEG?2207
ГлавнаяМАКИЯЖГлазаСредства для ухода за ресницами Гель для ускорения роста ресниц Длинные ресницы арт. Т7040866 ,Relouis Гель для ускорения роста ресниц Длинные ресницы 10 мл,Объем/вес:10 млТип:Основа под макияжБренд:RelouisСтрана производства:БЕЛАРУСЬ, Артикул: Т7040866 ,295 руб.,,,https://chudodey.com/global/images/icons/6371cc35-fb74-11e9-925d-a4bf0118b88e.JPEG?2258
ГлавнаяМАКИЯЖГлазаСредства для ухода за ресницами Гель-актив для бровей и корней ресниц рост и питание арт. Т7079096 ,Art-Visage Гель-актив для бровей и корней ресниц рост и питание 4 мл,Объем/вес:4 млТип:Гель для бровейБренд:Art-VisageСтрана производства:РОССИЯ, Артикул: Т7079096 ,257 руб.,,,https://chudodey.com/global/images/icons/36e4f1c7-ada3-11e9-b8f0-a4bf0118b88e.JPEG?395
"ГлавнаяМАКИЯЖГлазаТени для век Гель-глиттер для волос, лица и тела 01 Pose арт. Т7117036 ","Vilenta Гель-глиттер для волос, лица и тела 01 Pose 25 гр",Объем/вес:25 грТип:Гель для волосПол:ЖенскийБренд:VilentaСтрана производства:РОССИЯТип:ТениТип:Гель для тела, Артикул: Т7117036 ,1156 руб.,,"['01 Pose', '02 Hype']",https://chudodey.com/global/images/icons/db8b9fbb-eb73-11ec-ad46-005056930f9d.JPEG?8955
ГлавнаяМАКИЯЖГлазаПодводки для глаз Гель-лайнер мастер драма коричневый арт. Т6944485 ,Maybelline New York Гель-лайнер мастер драма коричневый 3 гр,Объем/вес:3 грТип:Подводка для глазСерия:Lasting DramaБренд:Maybelline New YorkСтрана производства:Франция, Артикул: Т6944485 ,1057 руб.,,"['черный', 'коричневый']",https://chudodey.com/global/images/icons/aebf7331-f3f8-11e9-925d-a4bf0118b88e.JPEG?4985
ГлавнаяМАКИЯЖГлазаТени для век Глиттер для век жидкий Moonrise Liquid Glitter Eyeshadow 401 арт. Т7112254 ,Lamel Professional Глиттер для век жидкий Moonrise Liquid Glitter Eyeshadow 401 5.6 гр,Объем/вес:5.6 грВид:ЖидкийТип:ГлиттерПол:ЖенскийБренд:Lamel ProfessionalСтрана производства:Китай, Артикул: Т7112254 ,734 руб.,,,https://chudodey.com/global/images/icons/07eab464-6452-11ec-ad34-005056930f9d.JPEG?8077
ГлавнаяМАКИЯЖГлазаТени для век Глиттер для макияжа жидкий Insta Glitter Bomb 401 арт. Т7102591 ,Lamel Professional Глиттер для макияжа жидкий Insta Glitter Bomb 401 20 мл,Объем/вес:20 млТип:ГлиттерБренд:Lamel ProfessionalСтрана производства:КитайТип:Тени, Артикул: Т7102591 ,696 руб.,,"['403', '402']",https://chudodey.com/global/images/icons/7d895da6-342c-11eb-ae5f-be7e7c666735.JPEG?2393
